timeStamp,elapsed,label,responseCode,responseMessage,threadName,dataType,success,failureMessage,bytes,sentBytes,grpThreads,allThreads,URL,Latency,IdleTime,Connect
1598714900268,398,https://www.demoblaze.com//index.html 10 uses 10 threads - 1,200,OK,https://www.demoblaze.com 1-1,text,true,,19902,132,5,5,https://www.demoblaze.com/index.html,348,0,184
1598714900369,494,https://www.demoblaze.com//prod.html?idp_=1 10 uses 10 threads - 2,200,OK,https://www.demoblaze.com 1-2,text,true,,22101,138,7,7,https://www.demoblaze.com/prod.html?idp_=1,439,0,177
1598714900465,403,https://www.demoblaze.com//cart.html 10 uses 10 threads - 3,200,OK,https://www.demoblaze.com 1-3,text,true,,24602,131,7,7,https://www.demoblaze.com/cart.html,349,0,178
1598714900666,223,https://www.demoblaze.com//prod.html?idp_=3 10 uses 10 threads - 6,200,OK,https://www.demoblaze.com 1-1,text,true,,22101,138,7,7,https://www.demoblaze.com/prod.html?idp_=3,204,0,0
1598714900890,69,https://www.demoblaze.com//index.html 10 uses 10 threads - 1,200,OK,https://www.demoblaze.com 1-1,text,true,,19902,132,7,7,https://www.demoblaze.com/index.html,56,0,0
1598714900567,392,https://www.demoblaze.com//prod.html?idp_=5 10 uses 10 threads - 4,200,OK,https://www.demoblaze.com 1-4,text,true,,22049,138,7,7,https://www.demoblaze.com/prod.html?idp_=5,335,0,172
1598714900960,76,https://www.demoblaze.com//cart.html 10 uses 10 threads - 3,200,OK,https://www.demoblaze.com 1-4,text,true,,24602,131,8,8,https://www.demoblaze.com/cart.html,58,0,0
1598714900869,185,https://www.demoblaze.com//prod.html?idp_=8 10 uses 10 threads - 10,200,OK,https://www.demoblaze.com 1-3,text,true,,22049,138,8,8,https://www.demoblaze.com/prod.html?idp_=8,167,0,0
1598714900665,390,https://www.demoblaze.com//prod.html?idp_=4 10 uses 10 threads - 5,200,OK,https://www.demoblaze.com 1-5,text,true,,22049,138,8,8,https://www.demoblaze.com/prod.html?idp_=4,335,0,171
1598714900864,203,https://www.demoblaze.com//prod.html?idp_=7 10 uses 10 threads - 9,200,OK,https://www.demoblaze.com 1-2,text,true,,22106,138,9,9,https://www.demoblaze.com/prod.html?idp_=7,186,0,0
1598714901037,70,https://www.demoblaze.com//prod.html?idp_=4 10 uses 10 threads - 5,200,OK,https://www.demoblaze.com 1-4,text,true,,22049,138,9,9,https://www.demoblaze.com/prod.html?idp_=4,56,0,0
1598714900960,167,https://www.demoblaze.com//prod.html?idp_=1 10 uses 10 threads - 2,200,OK,https://www.demoblaze.com 1-1,text,true,,5284,138,9,9,https://www.demoblaze.com/prod.html?idp_=1,165,0,0
1598714900763,385,https://www.demoblaze.com//prod.html?idp_=2 10 uses 10 threads - 7,200,OK,https://www.demoblaze.com 1-6,text,true,,22049,138,9,9,https://www.demoblaze.com/prod.html?idp_=2,332,0,170
1598714901108,71,https://www.demoblaze.com//prod.html?idp_=8 10 uses 10 threads - 10,200,OK,https://www.demoblaze.com 1-4,text,true,,22049,138,10,10,https://www.demoblaze.com/prod.html?idp_=8,56,0,0
1598714901128,67,https://www.demoblaze.com//index.html 10 uses 10 threads - 1,200,OK,https://www.demoblaze.com 1-1,text,true,,19902,132,10,10,https://www.demoblaze.com/index.html,55,0,0
1598714901149,57,https://www.demoblaze.com//prod.html?idp_=1 10 uses 10 threads - 2,200,OK,https://www.demoblaze.com 1-6,text,true,,5284,138,10,10,https://www.demoblaze.com/prod.html?idp_=1,55,0,0
1598714901054,188,https://www.demoblaze.com//prod.html?idp_=3 10 uses 10 threads - 6,200,OK,https://www.demoblaze.com 1-3,text,true,,22049,138,10,10,https://www.demoblaze.com/prod.html?idp_=3,172,0,0
1598714901181,70,https://www.demoblaze.com//prod.html?idp_=5 10 uses 10 threads - 4,200,OK,https://www.demoblaze.com 1-4,text,true,,22049,138,10,10,https://www.demoblaze.com/prod.html?idp_=5,54,0,0
1598714901067,186,https://www.demoblaze.com//prod.html?idp_=7 10 uses 10 threads - 9,200,OK,https://www.demoblaze.com 1-2,text,true,,22049,138,10,10,https://www.demoblaze.com/prod.html?idp_=7,171,0,0
1598714901196,72,https://www.demoblaze.com//prod.html?idp_=4 10 uses 10 threads - 5,200,OK,https://www.demoblaze.com 1-1,text,true,,22049,138,10,10,https://www.demoblaze.com/prod.html?idp_=4,55,0,0
1598714900865,403,https://www.demoblaze.com//prod.html?idp_=6 10 uses 10 threads - 8,200,OK,https://www.demoblaze.com 1-7,text,true,,22049,138,10,10,https://www.demoblaze.com/prod.html?idp_=6,346,0,176
1598714901055,219,https://www.demoblaze.com//prod.html?idp_=2 10 uses 10 threads - 7,200,OK,https://www.demoblaze.com 1-5,text,true,,22101,138,10,10,https://www.demoblaze.com/prod.html?idp_=2,202,0,0
1598714901242,71,https://www.demoblaze.com//prod.html?idp_=2 10 uses 10 threads - 7,200,OK,https://www.demoblaze.com 1-3,text,true,,22049,138,10,10,https://www.demoblaze.com/prod.html?idp_=2,57,0,0
1598714901253,74,https://www.demoblaze.com//prod.html?idp_=7 10 uses 10 threads - 9,200,OK,https://www.demoblaze.com 1-2,text,true,,22049,138,10,10,https://www.demoblaze.com/prod.html?idp_=7,56,0,0
1598714901275,58,https://www.demoblaze.com//prod.html?idp_=1 10 uses 10 threads - 2,200,OK,https://www.demoblaze.com 1-5,text,true,,5284,138,10,10,https://www.demoblaze.com/prod.html?idp_=1,57,0,0
1598714901268,71,https://www.demoblaze.com//prod.html?idp_=8 10 uses 10 threads - 10,200,OK,https://www.demoblaze.com 1-1,text,true,,22049,138,10,10,https://www.demoblaze.com/prod.html?idp_=8,57,0,0
1598714900964,382,https://www.demoblaze.com//prod.html?idp_=5 10 uses 10 threads - 4,200,OK,https://www.demoblaze.com 1-8,text,true,,22049,138,10,10,https://www.demoblaze.com/prod.html?idp_=5,329,0,164
1598714901207,178,https://www.demoblaze.com//prod.html?idp_=3 10 uses 10 threads - 6,200,OK,https://www.demoblaze.com 1-6,text,true,,22111,138,10,10,https://www.demoblaze.com/prod.html?idp_=3,172,0,0
1598714901313,74,https://www.demoblaze.com//cart.html 10 uses 10 threads - 3,200,OK,https://www.demoblaze.com 1-3,text,true,,24602,131,10,10,https://www.demoblaze.com/cart.html,65,0,0
1598714901327,74,https://www.demoblaze.com//prod.html?idp_=5 10 uses 10 threads - 4,200,OK,https://www.demoblaze.com 1-2,text,true,,22049,138,10,10,https://www.demoblaze.com/prod.html?idp_=5,57,0,0
1598714901333,76,https://www.demoblaze.com//prod.html?idp_=4 10 uses 10 threads - 5,200,OK,https://www.demoblaze.com 1-5,text,true,,22049,138,10,10,https://www.demoblaze.com/prod.html?idp_=4,55,0,0
1598714901340,73,https://www.demoblaze.com//prod.html?idp_=3 10 uses 10 threads - 6,200,OK,https://www.demoblaze.com 1-1,text,true,,22049,138,10,10,https://www.demoblaze.com/prod.html?idp_=3,58,0,0
1598714901347,71,https://www.demoblaze.com//prod.html?idp_=2 10 uses 10 threads - 7,200,OK,https://www.demoblaze.com 1-8,text,true,,22049,138,10,10,https://www.demoblaze.com/prod.html?idp_=2,62,0,0
1598714901251,181,https://www.demoblaze.com//prod.html?idp_=6 10 uses 10 threads - 8,200,OK,https://www.demoblaze.com 1-4,text,true,,22049,138,10,10,https://www.demoblaze.com/prod.html?idp_=6,166,0,0
1598714901269,185,https://www.demoblaze.com//index.html 10 uses 10 threads - 1,200,OK,https://www.demoblaze.com 1-7,text,true,,19902,132,10,10,https://www.demoblaze.com/index.html,167,0,0
1598714901385,73,https://www.demoblaze.com//prod.html?idp_=6 10 uses 10 threads - 8,200,OK,https://www.demoblaze.com 1-6,text,true,,22049,138,10,10,https://www.demoblaze.com/prod.html?idp_=6,57,0,0
1598714901165,294,https://www.demoblaze.com//cart.html 10 uses 10 threads - 3,200,OK,https://www.demoblaze.com 1-10,text,true,,24602,131,10,10,https://www.demoblaze.com/cart.html,232,0,171
1598714901387,72,https://www.demoblaze.com//prod.html?idp_=7 10 uses 10 threads - 9,200,OK,https://www.demoblaze.com 1-3,text,true,,22049,138,10,10,https://www.demoblaze.com/prod.html?idp_=7,56,0,0
1598714901414,59,https://www.demoblaze.com//prod.html?idp_=1 10 uses 10 threads - 2,200,OK,https://www.demoblaze.com 1-1,text,true,,5284,138,10,10,https://www.demoblaze.com/prod.html?idp_=1,58,0,0
1598714901402,74,https://www.demoblaze.com//prod.html?idp_=8 10 uses 10 threads - 10,200,OK,https://www.demoblaze.com 1-2,text,true,,22049,138,10,10,https://www.demoblaze.com/prod.html?idp_=8,59,0,0
1598714901063,423,https://www.demoblaze.com//prod.html?idp_=6 10 uses 10 threads - 8,200,OK,https://www.demoblaze.com 1-9,text,true,,22101,138,10,10,https://www.demoblaze.com/prod.html?idp_=6,371,0,172
1598714901432,72,https://www.demoblaze.com//prod.html?idp_=5 10 uses 10 threads - 4,200,OK,https://www.demoblaze.com 1-4,text,true,,22049,138,10,10,https://www.demoblaze.com/prod.html?idp_=5,55,0,0
1598714901459,84,https://www.demoblaze.com//prod.html?idp_=3 10 uses 10 threads - 6,200,OK,https://www.demoblaze.com 1-6,text,true,,22049,138,10,10,https://www.demoblaze.com/prod.html?idp_=3,54,0,0
1598714901454,91,https://www.demoblaze.com//prod.html?idp_=4 10 uses 10 threads - 5,200,OK,https://www.demoblaze.com 1-7,text,true,,22049,138,10,10,https://www.demoblaze.com/prod.html?idp_=4,59,0,0
1598714901459,86,https://www.demoblaze.com//prod.html?idp_=2 10 uses 10 threads - 7,200,OK,https://www.demoblaze.com 1-10,text,true,,22049,138,10,10,https://www.demoblaze.com/prod.html?idp_=2,56,0,0
1598714901473,76,https://www.demoblaze.com//prod.html?idp_=7 10 uses 10 threads - 9,200,OK,https://www.demoblaze.com 1-1,text,true,,22049,138,10,10,https://www.demoblaze.com/prod.html?idp_=7,70,0,0
1598714901476,76,https://www.demoblaze.com//prod.html?idp_=8 10 uses 10 threads - 10,200,OK,https://www.demoblaze.com 1-2,text,true,,22049,138,9,9,https://www.demoblaze.com/prod.html?idp_=8,69,0,0
1598714901504,57,https://www.demoblaze.com//prod.html?idp_=1 10 uses 10 threads - 2,200,OK,https://www.demoblaze.com 1-4,text,true,,5284,138,9,9,https://www.demoblaze.com/prod.html?idp_=1,55,0,0
1598714901418,185,https://www.demoblaze.com//cart.html 10 uses 10 threads - 3,200,OK,https://www.demoblaze.com 1-8,text,true,,24602,131,9,9,https://www.demoblaze.com/cart.html,165,0,0
1598714901410,209,https://www.demoblaze.com//index.html 10 uses 10 threads - 1,200,OK,https://www.demoblaze.com 1-5,text,true,,19952,132,9,9,https://www.demoblaze.com/index.html,191,0,0
1598714901543,78,https://www.demoblaze.com//cart.html 10 uses 10 threads - 3,200,OK,https://www.demoblaze.com 1-6,text,true,,24602,131,9,9,https://www.demoblaze.com/cart.html,58,0,0
1598714901545,79,https://www.demoblaze.com//prod.html?idp_=4 10 uses 10 threads - 5,200,OK,https://www.demoblaze.com 1-10,text,true,,22049,138,9,9,https://www.demoblaze.com/prod.html?idp_=4,61,0,0
1598714901545,84,https://www.demoblaze.com//prod.html?idp_=5 10 uses 10 threads - 4,200,OK,https://www.demoblaze.com 1-7,text,true,,22049,138,9,9,https://www.demoblaze.com/prod.html?idp_=5,67,0,0
1598714901562,73,https://www.demoblaze.com//prod.html?idp_=2 10 uses 10 threads - 7,200,OK,https://www.demoblaze.com 1-4,text,true,,22049,138,9,9,https://www.demoblaze.com/prod.html?idp_=2,59,0,0
1598714901460,181,https://www.demoblaze.com//prod.html?idp_=6 10 uses 10 threads - 8,200,OK,https://www.demoblaze.com 1-3,text,true,,22049,138,9,9,https://www.demoblaze.com/prod.html?idp_=6,169,0,0
1598714901487,176,https://www.demoblaze.com//index.html 10 uses 10 threads - 1,200,OK,https://www.demoblaze.com 1-9,text,true,,19902,132,9,9,https://www.demoblaze.com/index.html,163,0,0
1598714901603,78,https://www.demoblaze.com//prod.html?idp_=6 10 uses 10 threads - 8,200,OK,https://www.demoblaze.com 1-8,text,true,,22049,138,9,9,https://www.demoblaze.com/prod.html?idp_=6,61,0,0
1598714901620,76,https://www.demoblaze.com//prod.html?idp_=7 10 uses 10 threads - 9,200,OK,https://www.demoblaze.com 1-5,text,true,,22049,138,9,9,https://www.demoblaze.com/prod.html?idp_=7,59,0,0
1598714901625,72,https://www.demoblaze.com//index.html 10 uses 10 threads - 1,200,OK,https://www.demoblaze.com 1-10,text,true,,19902,132,9,9,https://www.demoblaze.com/index.html,57,0,0
1598714901635,73,https://www.demoblaze.com//cart.html 10 uses 10 threads - 3,200,OK,https://www.demoblaze.com 1-4,text,true,,24602,131,9,9,https://www.demoblaze.com/cart.html,57,0,0
1598714901552,181,https://www.demoblaze.com//prod.html?idp_=3 10 uses 10 threads - 6,200,OK,https://www.demoblaze.com 1-2,text,true,,22049,138,8,8,https://www.demoblaze.com/prod.html?idp_=3,165,0,0
1598714901664,72,https://www.demoblaze.com//prod.html?idp_=4 10 uses 10 threads - 5,200,OK,https://www.demoblaze.com 1-9,text,true,,22049,138,8,8,https://www.demoblaze.com/prod.html?idp_=4,55,0,0
1598714901681,70,https://www.demoblaze.com//prod.html?idp_=3 10 uses 10 threads - 6,200,OK,https://www.demoblaze.com 1-8,text,true,,22049,138,8,8,https://www.demoblaze.com/prod.html?idp_=3,56,0,0
1598714901696,80,https://www.demoblaze.com//prod.html?idp_=2 10 uses 10 threads - 7,200,OK,https://www.demoblaze.com 1-5,text,true,,22049,138,8,8,https://www.demoblaze.com/prod.html?idp_=2,65,0,0
1598714901697,80,https://www.demoblaze.com//prod.html?idp_=6 10 uses 10 threads - 8,200,OK,https://www.demoblaze.com 1-10,text,true,,22049,138,8,8,https://www.demoblaze.com/prod.html?idp_=6,65,0,0
1598714901622,184,https://www.demoblaze.com//prod.html?idp_=8 10 uses 10 threads - 10,200,OK,https://www.demoblaze.com 1-6,text,true,,22049,138,8,8,https://www.demoblaze.com/prod.html?idp_=8,164,0,0
1598714901629,177,https://www.demoblaze.com//prod.html?idp_=1 10 uses 10 threads - 2,200,OK,https://www.demoblaze.com 1-7,text,true,,5284,138,8,8,https://www.demoblaze.com/prod.html?idp_=1,172,0,0
1598714901736,74,https://www.demoblaze.com//prod.html?idp_=8 10 uses 10 threads - 10,200,OK,https://www.demoblaze.com 1-9,text,true,,22049,138,8,8,https://www.demoblaze.com/prod.html?idp_=8,57,0,0
1598714901733,77,https://www.demoblaze.com//prod.html?idp_=7 10 uses 10 threads - 9,200,OK,https://www.demoblaze.com 1-2,text,true,,22049,138,8,8,https://www.demoblaze.com/prod.html?idp_=7,58,0,0
1598714901753,70,https://www.demoblaze.com//index.html 10 uses 10 threads - 1,200,OK,https://www.demoblaze.com 1-8,text,true,,19902,132,8,8,https://www.demoblaze.com/index.html,60,0,0
1598714901776,63,https://www.demoblaze.com//prod.html?idp_=1 10 uses 10 threads - 2,200,OK,https://www.demoblaze.com 1-5,text,true,,5284,138,8,8,https://www.demoblaze.com/prod.html?idp_=1,61,0,0
1598714901777,77,https://www.demoblaze.com//cart.html 10 uses 10 threads - 3,200,OK,https://www.demoblaze.com 1-10,text,true,,24602,131,8,8,https://www.demoblaze.com/cart.html,60,0,0
1598714901641,224,https://www.demoblaze.com//prod.html?idp_=5 10 uses 10 threads - 4,200,OK,https://www.demoblaze.com 1-3,text,true,,22106,138,8,8,https://www.demoblaze.com/prod.html?idp_=5,205,0,0
1598714901810,78,https://www.demoblaze.com//prod.html?idp_=3 10 uses 10 threads - 6,200,OK,https://www.demoblaze.com 1-9,text,true,,22049,138,8,8,https://www.demoblaze.com/prod.html?idp_=3,60,0,0
1598714901806,82,https://www.demoblaze.com//prod.html?idp_=5 10 uses 10 threads - 4,200,OK,https://www.demoblaze.com 1-6,text,true,,22049,138,8,8,https://www.demoblaze.com/prod.html?idp_=5,64,0,0
1598714901806,82,https://www.demoblaze.com//prod.html?idp_=4 10 uses 10 threads - 5,200,OK,https://www.demoblaze.com 1-7,text,true,,22049,138,8,8,https://www.demoblaze.com/prod.html?idp_=4,64,0,0
1598714901823,72,https://www.demoblaze.com//prod.html?idp_=6 10 uses 10 threads - 8,200,OK,https://www.demoblaze.com 1-8,text,true,,22049,138,8,8,https://www.demoblaze.com/prod.html?idp_=6,58,0,0
1598714901840,70,https://www.demoblaze.com//prod.html?idp_=7 10 uses 10 threads - 9,200,OK,https://www.demoblaze.com 1-5,text,true,,22049,138,8,8,https://www.demoblaze.com/prod.html?idp_=7,55,0,0
1598714901854,71,https://www.demoblaze.com//prod.html?idp_=8 10 uses 10 threads - 10,200,OK,https://www.demoblaze.com 1-10,text,true,,22049,138,8,8,https://www.demoblaze.com/prod.html?idp_=8,55,0,0
1598714901866,70,https://www.demoblaze.com//index.html 10 uses 10 threads - 1,200,OK,https://www.demoblaze.com 1-3,text,true,,19902,132,8,8,https://www.demoblaze.com/index.html,56,0,0
1598714901889,66,https://www.demoblaze.com//prod.html?idp_=1 10 uses 10 threads - 2,200,OK,https://www.demoblaze.com 1-9,text,true,,5284,138,8,8,https://www.demoblaze.com/prod.html?idp_=1,62,0,0
1598714901889,78,https://www.demoblaze.com//cart.html 10 uses 10 threads - 3,200,OK,https://www.demoblaze.com 1-6,text,true,,24602,131,8,8,https://www.demoblaze.com/cart.html,60,0,0
1598714901895,72,https://www.demoblaze.com//prod.html?idp_=4 10 uses 10 threads - 5,200,OK,https://www.demoblaze.com 1-8,text,true,,22049,138,8,8,https://www.demoblaze.com/prod.html?idp_=4,57,0,0
1598714901889,79,https://www.demoblaze.com//prod.html?idp_=5 10 uses 10 threads - 4,200,OK,https://www.demoblaze.com 1-7,text,true,,22049,138,8,8,https://www.demoblaze.com/prod.html?idp_=5,62,0,0
1598714901910,84,https://www.demoblaze.com//prod.html?idp_=3 10 uses 10 threads - 6,200,OK,https://www.demoblaze.com 1-5,text,true,,22049,138,8,8,https://www.demoblaze.com/prod.html?idp_=3,67,0,0
1598714901925,71,https://www.demoblaze.com//prod.html?idp_=2 10 uses 10 threads - 7,200,OK,https://www.demoblaze.com 1-10,text,true,,22049,138,7,7,https://www.demoblaze.com/prod.html?idp_=2,55,0,0
1598714901810,190,https://www.demoblaze.com//prod.html?idp_=2 10 uses 10 threads - 7,200,OK,https://www.demoblaze.com 1-2,text,true,,22049,138,7,7,https://www.demoblaze.com/prod.html?idp_=2,174,0,0
1598714901936,69,https://www.demoblaze.com//prod.html?idp_=6 10 uses 10 threads - 8,200,OK,https://www.demoblaze.com 1-3,text,true,,22049,138,6,6,https://www.demoblaze.com/prod.html?idp_=6,57,0,0
1598714901955,74,https://www.demoblaze.com//prod.html?idp_=7 10 uses 10 threads - 9,200,OK,https://www.demoblaze.com 1-9,text,true,,22049,138,5,5,https://www.demoblaze.com/prod.html?idp_=7,56,0,0
1598714901970,60,https://www.demoblaze.com//prod.html?idp_=1 10 uses 10 threads - 2,200,OK,https://www.demoblaze.com 1-7,text,true,,5284,138,5,5,https://www.demoblaze.com/prod.html?idp_=1,57,0,0
1598714901967,72,https://www.demoblaze.com//prod.html?idp_=8 10 uses 10 threads - 10,200,OK,https://www.demoblaze.com 1-6,text,true,,22049,138,5,5,https://www.demoblaze.com/prod.html?idp_=8,56,0,0
1598714901970,69,https://www.demoblaze.com//index.html 10 uses 10 threads - 1,200,OK,https://www.demoblaze.com 1-8,text,true,,19902,132,5,5,https://www.demoblaze.com/index.html,54,0,0
1598714901997,72,https://www.demoblaze.com//cart.html 10 uses 10 threads - 3,200,OK,https://www.demoblaze.com 1-10,text,true,,24602,131,4,4,https://www.demoblaze.com/cart.html,53,0,0
1598714902029,72,https://www.demoblaze.com//prod.html?idp_=5 10 uses 10 threads - 4,200,OK,https://www.demoblaze.com 1-9,text,true,,22049,138,4,4,https://www.demoblaze.com/prod.html?idp_=5,54,0,0
1598714902030,74,https://www.demoblaze.com//prod.html?idp_=4 10 uses 10 threads - 5,200,OK,https://www.demoblaze.com 1-7,text,true,,22049,138,4,4,https://www.demoblaze.com/prod.html?idp_=4,56,0,0
1598714902039,72,https://www.demoblaze.com//prod.html?idp_=3 10 uses 10 threads - 6,200,OK,https://www.demoblaze.com 1-8,text,true,,22049,138,4,4,https://www.demoblaze.com/prod.html?idp_=3,55,0,0
1598714902070,72,https://www.demoblaze.com//prod.html?idp_=2 10 uses 10 threads - 7,200,OK,https://www.demoblaze.com 1-10,text,true,,22049,138,3,3,https://www.demoblaze.com/prod.html?idp_=2,60,0,0
1598714902101,78,https://www.demoblaze.com//prod.html?idp_=6 10 uses 10 threads - 8,200,OK,https://www.demoblaze.com 1-9,text,true,,22049,138,2,2,https://www.demoblaze.com/prod.html?idp_=6,56,0,0
1598714902104,75,https://www.demoblaze.com//prod.html?idp_=7 10 uses 10 threads - 9,200,OK,https://www.demoblaze.com 1-7,text,true,,22049,138,2,2,https://www.demoblaze.com/prod.html?idp_=7,58,0,0
1598714902179,71,https://www.demoblaze.com//prod.html?idp_=8 10 uses 10 threads - 10,200,OK,https://www.demoblaze.com 1-9,text,true,,22049,138,1,1,https://www.demoblaze.com/prod.html?idp_=8,57,0,0
